{
  "HTTP Request-GET" : {
    "transaction" : "HTTP Request-GET",
    "sampleCount" : 2000,
    "errorCount" : 33,
    "errorPct" : 1.65,
    "meanResTime" : 3834.283000000001,
    "medianResTime" : 801.5,
    "minResTime" : 56.0,
    "maxResTime" : 103473.0,
    "pct1ResTime" : 9540.900000000001,
    "pct2ResTime" : 11679.099999999993,
    "pct3ResTime" : 25065.300000000007,
    "throughput" : 17.485574401119077,
    "receivedKBytesPerSec" : 30.092835764010317,
    "sentKBytesPerSec" : 2.1832208154834762
  },
  "Total" : {
    "transaction" : "Total",
    "sampleCount" : 8000,
    "errorCount" : 33,
    "errorPct" : 0.4125,
    "meanResTime" : 1775.3947500000004,
    "medianResTime" : 489.5,
    "minResTime" : 56.0,
    "maxResTime" : 103473.0,
    "pct1ResTime" : 4197.500000000003,
    "pct2ResTime" : 7416.399999999998,
    "pct3ResTime" : 14375.809999999996,
    "throughput" : 63.421092269761616,
    "receivedKBytesPerSec" : 59.7653447456616,
    "sentKBytesPerSec" : 11.889209669140088
  },
  "HTTP Request-DELETE" : {
    "transaction" : "HTTP Request-DELETE",
    "sampleCount" : 2000,
    "errorCount" : 0,
    "errorPct" : 0.0,
    "meanResTime" : 917.1039999999999,
    "medianResTime" : 469.0,
    "minResTime" : 402.0,
    "maxResTime" : 20921.0,
    "pct1ResTime" : 1563.0,
    "pct2ResTime" : 2702.8499999999995,
    "pct3ResTime" : 7035.720000000002,
    "throughput" : 16.491309080114778,
    "receivedKBytesPerSec" : 9.914223934455292,
    "sentKBytesPerSec" : 2.898862924238926
  },
  "HTTP Request-POST" : {
    "transaction" : "HTTP Request-POST",
    "sampleCount" : 2000,
    "errorCount" : 0,
    "errorPct" : 0.0,
    "meanResTime" : 1099.8145000000006,
    "medianResTime" : 476.0,
    "minResTime" : 405.0,
    "maxResTime" : 17363.0,
    "pct1ResTime" : 2118.0,
    "pct2ResTime" : 3933.2499999999973,
    "pct3ResTime" : 9506.900000000001,
    "throughput" : 18.017855694993738,
    "receivedKBytesPerSec" : 13.116752608084612,
    "sentKBytesPerSec" : 3.976597057684165
  },
  "HTTP Request-PUT" : {
    "transaction" : "HTTP Request-PUT",
    "sampleCount" : 2000,
    "errorCount" : 0,
    "errorPct" : 0.0,
    "meanResTime" : 1250.3775000000037,
    "medianResTime" : 519.0,
    "minResTime" : 404.0,
    "maxResTime" : 70074.0,
    "pct1ResTime" : 2175.800000000001,
    "pct2ResTime" : 3689.399999999998,
    "pct3ResTime" : 9606.26,
    "throughput" : 16.4781294027502,
    "receivedKBytesPerSec" : 11.85199112446755,
    "sentKBytesPerSec" : 3.7655100393003385
  }
}